actor,movie_or_TV_name
Timothée Chalamet,Call Me by Your Name
Timothée Chalamet,Dune
Timothée Chalamet,The King
Timothée Chalamet,Interstellar
Timothée Chalamet,A Rainy Day in New York
Timothée Chalamet,Wonka
Timothée Chalamet,Lady Bird
Timothée Chalamet,Beautiful Boy
George Holtzer,The Big Sick
George Holtzer,A Rainy Day in New York
George Holtzer,The Meyerowitz Stories (New and Selected)
George Holtzer,New Amsterdam
George Holtzer,The Babysitters
George Holtzer,The Last Days of Disco
Roy Savoy,Bruce Almighty
Roy Savoy,The Adjustment Bureau
Roy Savoy,A Rainy Day in New York
Roy Savoy,This Is Where I Leave You
Roy Savoy,Ghost Town
Roy Savoy,Wildling
Roy Savoy,A Thousand and One
Nicole Wodowski,Café Society
Nicole Wodowski,A Rainy Day in New York
Nicole Wodowski,Wonder Wheel
Nicole Wodowski,Tracers
Nicole Wodowski,The Longest Week
Nicole Wodowski,Rebel in the Rye
Nicole Wodowski,Generation Um...
Joseph Garzero,Zoolander
Joseph Garzero,Café Society
Joseph Garzero,A Rainy Day in New York
Joseph Garzero,A Perfect Murder
Joseph Garzero,Wonder Wheel
Joseph Garzero,Stay
Joseph Garzero,The Thomas Crown Affair
Chris Colombo,Glass
Chris Colombo,Sinister
Chris Colombo,You Were Never Really Here
Chris Colombo,A Rainy Day in New York
Chris Colombo,Buffy the Vampire Slayer
Chris Colombo,Elementary
Chris Colombo,The Manchurian Candidate
Chris Colombo,The Pink Panther 2
Kimberly Amacker,10 Cloverfield Lane
Kimberly Amacker,Escape Plan
Kimberly Amacker,Jack Reacher: Never Go Back
Kimberly Amacker,The Host
Kimberly Amacker,Underwater
Kimberly Amacker,The Best of Me
Kimberly Amacker,A Rainy Day in New York
Kimberly Amacker,The Beguiled
Stacey Panepinto,The Twilight Saga: Breaking Dawn - Part 2
Stacey Panepinto,The Twilight Saga: Breaking Dawn - Part 1
Stacey Panepinto,Snow White and the Huntsman
Stacey Panepinto,The Lost City
Stacey Panepinto,Underwater
Stacey Panepinto,Charlie's Angels
Stacey Panepinto,American Ultra
Stacey Panepinto,Café Society
Paul John Carli,The Avengers
Paul John Carli,The Last Witch Hunter
Paul John Carli,Abduction
Paul John Carli,A Rainy Day in New York
Susan Antonelli,Zombieland
Susan Antonelli,The Greatest Showman
Susan Antonelli,Big Fish
Susan Antonelli,National Treasure
Susan Antonelli,Body of Lies
Susan Antonelli,Café Society
Susan Antonelli,A Rainy Day in New York
Susan Antonelli,State of Play
Richard Friedlander,The Wolf of Wall Street
Richard Friedlander,The Da Vinci Code
Richard Friedlander,Nerve
Richard Friedlander,The Adjustment Bureau
Richard Friedlander,The Road
Richard Friedlander,The Trial of the Chicago 7
Richard Friedlander,Café Society
Richard Friedlander,A Rainy Day in New York
Jasen Joseph Sica,The Amazing Spider-Man 2
Jasen Joseph Sica,The Dictator
Jasen Joseph Sica,Alien Resurrection
Jasen Joseph Sica,The Adjustment Bureau
Jasen Joseph Sica,Teenage Mutant Ninja Turtles: Out of the Shadows
Jasen Joseph Sica,Abduction
Jasen Joseph Sica,The Bounty Hunter
Jasen Joseph Sica,Irrational Man
Steven Kirshoff,The Departed
Steven Kirshoff,Fantastic Four
Steven Kirshoff,The Bourne Ultimatum
Steven Kirshoff,BlacKkKlansman
Steven Kirshoff,Bridge of Spies
Steven Kirshoff,Enchanted
Steven Kirshoff,13 Going on 30
Steven Kirshoff,The Sorcerer's Apprentice
Unggyu Choi,A Rainy Day in New York
Unggyu Choi,Wonder Wheel
Unggyu Choi,Rifkin's Festival
Unggyu Choi,Worth
Glenn Allen,The Wolf of Wall Street
Glenn Allen,The Da Vinci Code
Glenn Allen,Hereditary
Glenn Allen,Nerve
Glenn Allen,The Adjustment Bureau
Glenn Allen,The Road
Glenn Allen,The Trial of the Chicago 7
Glenn Allen,Café Society
Ben Zylberman,Ad Astra
Ben Zylberman,A Rainy Day in New York
Ben Zylberman,Wonder Wheel
Ben Zylberman,Rifkin's Festival
Ben Zylberman,Worth
James B. Appleton,A Rainy Day in New York
James B. Appleton,Unsane
James B. Appleton,The Miseducation of Cameron Post
James B. Appleton,Ben Is Back
James B. Appleton,High Flying Bird
James B. Appleton,Puzzle
James B. Appleton,Zeroville
James B. Appleton,Goodbye to All That
Yunsik Noh,Café Society
Yunsik Noh,A Rainy Day in New York
Yunsik Noh,Wonder Wheel
Yunsik Noh,This Is Where I Leave You
Yunsik Noh,Rifkin's Festival
Yunsik Noh,Hydee and the Hytops
Eran Dinur,The Wolf of Wall Street
Eran Dinur,The Greatest Showman
Eran Dinur,Hereditary
Eran Dinur,Nerve
Eran Dinur,Ad Astra
Eran Dinur,Gifted
Eran Dinur,Uncut Gems
Eran Dinur,The Heat
Mani Trump,Ad Astra
Mani Trump,Café Society
Mani Trump,A Rainy Day in New York
Mani Trump,Wonder Wheel
Mani Trump,This Is Where I Leave You
Mani Trump,Rifkin's Festival
Mani Trump,Silent House
Robert Hein,Midnight in Paris
Robert Hein,The Royal Tenenbaums
Robert Hein,The Adjustment Bureau
Robert Hein,Match Point
Robert Hein,Vicky Cristina Barcelona
Robert Hein,Secret Window
Robert Hein,Blue Jasmine
Robert Hein,Letters to Juliet
Namjin Heo,A Rainy Day in New York
Namjin Heo,Wonder Wheel
Namjin Heo,Rifkin's Festival
Namjin Heo,Worth
Mina Choe,Café Society
Mina Choe,A Rainy Day in New York
Mina Choe,Wonder Wheel
Mina Choe,This Is Where I Leave You
actor,movie_or_TV_name
Jessica Miglio,Kill Bill: Vol. 1
Jessica Miglio,Kill Bill: Vol. 2
Jessica Miglio,Guardians of the Galaxy Vol. 3
Jessica Miglio,The Dark Tower
Jessica Miglio,Vicky Cristina Barcelona
Jessica Miglio,Teenage Mutant Ninja Turtles: Out of the Shadows
Jessica Miglio,Blue Jasmine
Jessica Miglio,Movie 43
Paul John Carli,The Avengers
Paul John Carli,The Last Witch Hunter
Paul John Carli,Abduction
Paul John Carli,A Rainy Day in New York
Suzy Benzinger,Ghostbusters
Suzy Benzinger,Blue Jasmine
Suzy Benzinger,Café Society
Suzy Benzinger,Irrational Man
Suzy Benzinger,A Rainy Day in New York
Suzy Benzinger,Whatever Works
Suzy Benzinger,Wonder Wheel
Suzy Benzinger,Deconstructing Harry
Gary Martori,The Greatest Showman
Gary Martori,Teenage Mutant Ninja Turtles: Out of the Shadows
Gary Martori,The Dead Don't Die
Gary Martori,A Rainy Day in New York
Gary Martori,Wonder Wheel
Gary Martori,Late Night
Gary Martori,American Pastoral
Gary Martori,Wonderstruck
Timothée Chalamet,Call Me by Your Name
Timothée Chalamet,Dune
Timothée Chalamet,The King
Timothée Chalamet,Interstellar
Timothée Chalamet,A Rainy Day in New York
Timothée Chalamet,Wonka
Timothée Chalamet,Lady Bird
Timothée Chalamet,Beautiful Boy
Jasen Joseph Sica,The Amazing Spider-Man 2
Jasen Joseph Sica,The Dictator
Jasen Joseph Sica,Alien Resurrection
Jasen Joseph Sica,The Adjustment Bureau
Jasen Joseph Sica,Teenage Mutant Ninja Turtles: Out of the Shadows
Jasen Joseph Sica,Abduction
Jasen Joseph Sica,The Bounty Hunter
Jasen Joseph Sica,Irrational Man
Connie Huang,Teenage Mutant Ninja Turtles: Out of the Shadows
Connie Huang,A Rainy Day in New York
Connie Huang,"tick, tick... BOOM!"
Connie Huang,Second Act
Connie Huang,She Came to Me
Connie Huang,Jerrod Carmichael: Rothaniel
Connie Huang,Nimesh Patel: Thank You China
Bobby Mancuso,The Wolf of Wall Street
Bobby Mancuso,Sherlock Holmes
Bobby Mancuso,GoodFellas
Bobby Mancuso,The Greatest Showman
Bobby Mancuso,Argo
Bobby Mancuso,Teenage Mutant Ninja Turtles
Bobby Mancuso,Meet the Parents
Bobby Mancuso,The Dictator
Gary Martone,Requiem for a Dream
Gary Martone,Blue Jasmine
Gary Martone,A Walk Among the Tombstones
Gary Martone,A Rainy Day in New York
Gary Martone,Rounders
Gary Martone,Delivery Man
Gary Martone,Cop Land
Gary Martone,Awake
Vittorio Storaro,Apocalypse Now
Vittorio Storaro,Café Society
Vittorio Storaro,A Rainy Day in New York
Vittorio Storaro,The Last Emperor
Vittorio Storaro,Wonder Wheel
Vittorio Storaro,Last Tango in Paris
Vittorio Storaro,Ladyhawke
Vittorio Storaro,Dick Tracy
Will Arnot,Spider-Man: Homecoming
Will Arnot,Dawn of the Planet of the Apes
Will Arnot,Requiem for a Dream
Will Arnot,Elysium
Will Arnot,The Help
Will Arnot,Ender's Game
Will Arnot,21
Will Arnot,R.I.P.D.
Daniel Wallenstein,A Walk Among the Tombstones
Daniel Wallenstein,A Rainy Day in New York
Daniel Wallenstein,Delivery Man
Daniel Wallenstein,Blood Ties
Daniel Wallenstein,Silent House
Daniel Wallenstein,The Photograph
Daniel Wallenstein,Salinger
Richard Friedlander,The Wolf of Wall Street
Richard Friedlander,The Da Vinci Code
Richard Friedlander,Nerve
Richard Friedlander,The Adjustment Bureau
Richard Friedlander,The Road
Richard Friedlander,The Trial of the Chicago 7
Richard Friedlander,Café Society
Richard Friedlander,A Rainy Day in New York
Glenn Allen,The Wolf of Wall Street
Glenn Allen,The Da Vinci Code
Glenn Allen,Hereditary
Glenn Allen,Nerve
Glenn Allen,The Adjustment Bureau
Glenn Allen,The Road
Glenn Allen,The Trial of the Chicago 7
Glenn Allen,Café Society
Steven Kirshoff,The Departed
Steven Kirshoff,Fantastic Four
Steven Kirshoff,The Bourne Ultimatum
Steven Kirshoff,BlacKkKlansman
Steven Kirshoff,Bridge of Spies
Steven Kirshoff,Enchanted
Steven Kirshoff,13 Going on 30
Steven Kirshoff,The Sorcerer's Apprentice
Unggyu Choi,A Rainy Day in New York
Unggyu Choi,Wonder Wheel
Unggyu Choi,Rifkin's Festival
Unggyu Choi,Worth
Namjin Heo,A Rainy Day in New York
Namjin Heo,Wonder Wheel
Namjin Heo,Rifkin's Festival
Namjin Heo,Worth
Mina Choe,Café Society
Mina Choe,A Rainy Day in New York
Mina Choe,Wonder Wheel
Mina Choe,This Is Where I Leave You
Mani Trump,Ad Astra
Mani Trump,Café Society
Mani Trump,A Rainy Day in New York
Mani Trump,Wonder Wheel
Mani Trump,This Is Where I Leave You
Mani Trump,Rifkin's Festival
Mani Trump,Silent House
Eran Dinur,The Wolf of Wall Street
Eran Dinur,The Greatest Showman
Eran Dinur,Hereditary
Eran Dinur,Nerve
Eran Dinur,Ad Astra
Eran Dinur,Gifted
Eran Dinur,Uncut Gems
Eran Dinur,The Heat
James B. Appleton,A Rainy Day in New York
James B. Appleton,Unsane
James B. Appleton,The Miseducation of Cameron Post
James B. Appleton,Ben Is Back
James B. Appleton,High Flying Bird
James B. Appleton,Puzzle
James B. Appleton,Zeroville
James B. Appleton,Goodbye to All That
Yunsik Noh,Café Society
Yunsik Noh,A Rainy Day in New York
Yunsik Noh,Wonder Wheel
Yunsik Noh,This Is Where I Leave You
Yunsik Noh,Rifkin's Festival
Yunsik Noh,Hydee and the Hytops
Simone D'Arcangelo,Café Society
Simone D'Arcangelo,A Rainy Day in New York
Simone D'Arcangelo,Wonder Wheel
Simone D'Arcangelo,Rifkin's Festival
Simone D'Arcangelo,Ordinary Happiness
Simone D'Arcangelo,The Tale of King Crab
Simone D'Arcangelo,Vangelo secondo Maria
Simone D'Arcangelo,The Settlers
Lorenzo Zanini,A Rainy Day in New York
Lorenzo Zanini,Asher
Lorenzo Zanini,LIVELove
Kevin Peters,A Rainy Day in New York
Kevin Peters,Ben Is Back
Kevin Peters,Rifkin's Festival
Kevin Peters,Big Time Adolescence
Kevin Peters,Let Them All Talk
Kevin Peters,To Leslie
Kevin Peters,Pottersville
Kevin Peters,Shortcomings
Robert Fernandez,Drive
Robert Fernandez,10 Things I Hate About You
Robert Fernandez,Sleepy Hollow
Robert Fernandez,Hachi: A Dog's Tale
Robert Fernandez,Hulk
Robert Fernandez,The Lighthouse
Robert Fernandez,Robots
Robert Fernandez,The Adjustment Bureau
Robert Hein,Midnight in Paris
Robert Hein,The Royal Tenenbaums
Robert Hein,The Adjustment Bureau
Robert Hein,Match Point
Robert Hein,Vicky Cristina Barcelona
Robert Hein,Secret Window
Robert Hein,Blue Jasmine
Robert Hein,Letters to Juliet
Joel Scheuneman,The First Purge
Joel Scheuneman,See
Joel Scheuneman,A Rainy Day in New York
Joel Scheuneman,No Hard Feelings
Joel Scheuneman,White Noise
Joel Scheuneman,Rifkin's Festival
Joel Scheuneman,Big Time Adolescence
Joel Scheuneman,The United States vs. Billie Holiday
Grant Elder,Ad Astra
Grant Elder,The Dead Don't Die
Grant Elder,See
Grant Elder,A Rainy Day in New York
Grant Elder,Knock at the Cabin
Grant Elder,Unsane
Grant Elder,Marry Me
Grant Elder,Hillbilly Elegy
Thomas Varga,Birdman or (The Unexpected Virtue of Ignorance)
Thomas Varga,Nerve
Thomas Varga,Blue Jasmine
Thomas Varga,A Rainy Day in New York
Thomas Varga,Funny Games
Thomas Varga,The Woman in the Window
Thomas Varga,The Switch
Thomas Varga,Clifford the Big Red Dog
Matthew Haasch,Midnight in Paris
Matthew Haasch,Hachi: A Dog's Tale
Matthew Haasch,Collateral Beauty
Matthew Haasch,The Ballad of Buster Scruggs
Matthew Haasch,Vicky Cristina Barcelona
Matthew Haasch,Blue Jasmine
Matthew Haasch,The Butler
Matthew Haasch,Café Society
Sylvia Menno,Midnight in Paris
Sylvia Menno,Hachi: A Dog's Tale
Sylvia Menno,The Royal Tenenbaums
Sylvia Menno,Match Point
Sylvia Menno,Vicky Cristina Barcelona
Sylvia Menno,Secret Window
Sylvia Menno,Blue Jasmine
Sylvia Menno,Café Society
Micah Blaichman,American Assassin
Micah Blaichman,A Rainy Day in New York
Micah Blaichman,Don't Worry Darling
Micah Blaichman,Night School
Micah Blaichman,mid90s
Micah Blaichman,Boy Erased
Micah Blaichman,Harriet
Micah Blaichman,Bodies Bodies Bodies
Jay Peck,Eternal Sunshine of the Spotless Mind
Jay Peck,Men in Black II
Jay Peck,Glass
Jay Peck,Midnight in Paris
Jay Peck,Midsommar
Jay Peck,Collateral Beauty
Jay Peck,The Aviator
Jay Peck,Fantastic Mr. Fox
David Wahnon,Midnight in Paris
David Wahnon,The Royal Tenenbaums
David Wahnon,Match Point
David Wahnon,Vicky Cristina Barcelona
David Wahnon,Blue Jasmine
David Wahnon,The Butler
David Wahnon,Café Society
David Wahnon,Irrational Man
Bryant Musgrove,A Rainy Day in New York
Bryant Musgrove,Wonder Wheel
Bryant Musgrove,Chapter 27
Bryant Musgrove,Heavy Petting
Steve Guilbaud,Café Society
Steve Guilbaud,Irrational Man
Steve Guilbaud,A Rainy Day in New York
Steve Guilbaud,Delivery Man
Steve Guilbaud,Wonder Wheel
Steve Guilbaud,The Curse of the Jade Scorpion
Steve Guilbaud,Anything Else
Steve Guilbaud,Hollywood Ending
Ben Zylberman,Ad Astra
Ben Zylberman,A Rainy Day in New York
Ben Zylberman,Wonder Wheel
Ben Zylberman,Rifkin's Festival
Ben Zylberman,Worth
Bobby Johanson,Ready Player One
Bobby Johanson,Black Swan
Bobby Johanson,Her
Bobby Johanson,Ex Machina
Bobby Johanson,The Curious Case of Benjamin Button
Bobby Johanson,Men in Black 3
Bobby Johanson,The Bourne Ultimatum
Bobby Johanson,Nerve
Letty Aronson,Midnight in Paris
Letty Aronson,Match Point
Letty Aronson,Vicky Cristina Barcelona
Letty Aronson,Blue Jasmine
Letty Aronson,Café Society
Letty Aronson,Irrational Man
Letty Aronson,A Rainy Day in New York
Letty Aronson,Magic in the Moonlight
Scott Kordish,Midnight in Paris
Scott Kordish,Match Point
Scott Kordish,Vicky Cristina Barcelona
Scott Kordish,Blue Jasmine
Scott Kordish,Café Society
Scott Kordish,Irrational Man
Scott Kordish,A Rainy Day in New York
Scott Kordish,Magic in the Moonlight
David Farr,Creed
David Farr,Café Society
David Farr,Irrational Man
David Farr,A Rainy Day in New York
David Farr,Delivery Man
David Farr,Wonder Wheel
David Farr,Trapping
Erika Aronson,A Rainy Day in New York
Erika Aronson,Wonder Wheel
Erika Aronson,Mighty Aphrodite
Erika Aronson,Bullets Over Broadway
Erika Aronson,Rifkin's Festival
Erika Aronson,Crisis in Six Scenes
Erika Aronson,Don't Drink the Water
A.J. Swirz,A Rainy Day in New York
A.J. Swirz,Wonder Wheel
A.J. Swirz,Severance
A.J. Swirz,She Said
Christie Mullen,Vicky Cristina Barcelona
Christie Mullen,Blue Jasmine
Christie Mullen,Café Society
Christie Mullen,Irrational Man
Christie Mullen,A Rainy Day in New York
Christie Mullen,Whatever Works
Christie Mullen,Wonder Wheel
Christie Mullen,The Curse of the Jade Scorpion
Jonathan Yi,A Rainy Day in New York
Jonathan Yi,Resurrection
Ron Chez,Café Society
Ron Chez,Irrational Man
Ron Chez,A Rainy Day in New York
Ron Chez,Magic in the Moonlight
Ron Chez,Wonder Wheel
Lindsay Allyn Drucker,A Rainy Day in New York
Lindsay Allyn Drucker,The Photograph
Lindsay Allyn Drucker,Halston
Lindsay Allyn Drucker,The Slap
Adam B. Stern,Blue Jasmine
Adam B. Stern,Café Society
Adam B. Stern,Irrational Man
Adam B. Stern,A Rainy Day in New York
Adam B. Stern,Wonder Wheel
Adam B. Stern,Rifkin's Festival
Adam B. Stern,Coup de chance
Patricia Kerrigan DiCerto,Midnight in Paris
Patricia Kerrigan DiCerto,Meet Joe Black
Patricia Kerrigan DiCerto,Match Point
Patricia Kerrigan DiCerto,Vicky Cristina Barcelona
Patricia Kerrigan DiCerto,Blue Jasmine
Patricia Kerrigan DiCerto,Café Society
Patricia Kerrigan DiCerto,Irrational Man
Patricia Kerrigan DiCerto,A Rainy Day in New York
Emer O'Callaghan,Mike and Dave Need Wedding Dates
Emer O'Callaghan,A Rainy Day in New York
Emer O'Callaghan,The Campaign
Emer O'Callaghan,Bachelorette
Emer O'Callaghan,Second Act
Emer O'Callaghan,Sleeping with Other People
Emer O'Callaghan,What We Do in the Shadows
Emer O'Callaghan,Werewolves Within
Helen Robin,Midnight in Paris
Helen Robin,Match Point
Helen Robin,Vicky Cristina Barcelona
Helen Robin,Blue Jasmine
Helen Robin,Café Society
Helen Robin,Irrational Man
Helen Robin,A Rainy Day in New York
Helen Robin,Magic in the Moonlight
Brad Kenny,50 First Dates
Brad Kenny,Charlie's Angels: Full Throttle
Brad Kenny,A Rainy Day in New York
Brad Kenny,xXx: State of the Union
Brad Kenny,Late Night
Brad Kenny,Megan Leavey
Brad Kenny,Life Itself
Brad Kenny,Species III
Amy R. Trachtman,Café Society
Amy R. Trachtman,Jeepers Creepers
Amy R. Trachtman,Irrational Man
Amy R. Trachtman,A Rainy Day in New York
Amy R. Trachtman,Whatever Works
Amy R. Trachtman,The Waterboy
Amy R. Trachtman,Wonder Wheel
Amy R. Trachtman,Melinda and Melinda
Tom Sexton,Café Society
Tom Sexton,A Rainy Day in New York
Tom Sexton,Wonder Wheel
Tom Sexton,On the Rocks
Tom Sexton,The Longest Week
Tara Andrus,Café Society
Tara Andrus,Irrational Man
Tara Andrus,A Rainy Day in New York
Tara Andrus,Magic in the Moonlight
Tara Andrus,Wonder Wheel
Tara Andrus,The Babysitters
Tara Andrus,Rifkin's Festival
Tara Andrus,Heavy Petting
Dann Fink,Arrival
Dann Fink,The Greatest Showman
Dann Fink,Glass
Dann Fink,Ocean's Eight
Dann Fink,Hereditary
Dann Fink,Manchester by the Sea
Dann Fink,The Queen's Gambit
Dann Fink,The First Purge
Pedro Hernández,Blue Jasmine
Pedro Hernández,A Rainy Day in New York
Pedro Hernández,Delivery Man
Pedro Hernández,The Photograph
Bruce Winant,Arrival
Bruce Winant,Black Swan
Bruce Winant,Ice Age
Bruce Winant,Ocean's Eight
Bruce Winant,Salt
Bruce Winant,The Adjustment Bureau
Bruce Winant,The Queen's Gambit
Bruce Winant,The First Purge
Jason Lanci,Joker
Jason Lanci,A Rainy Day in New York
Jason Lanci,Wonder Wheel
Jason Lanci,The Yards
Steve Ramsey,Joker
Steve Ramsey,Bridge of Spies
Steve Ramsey,The Post
Steve Ramsey,The Blacklist
Steve Ramsey,A Rainy Day in New York
Steve Ramsey,Winter's Tale
Steve Ramsey,Awake
Steve Ramsey,Wonder Wheel
Ryan Webb,Joker
Ryan Webb,Bridge of Spies
Ryan Webb,A Rainy Day in New York
Ryan Webb,Wonder Wheel
Ryan Webb,Cat Person
Sharon Perlman,Café Society
Sharon Perlman,Irrational Man
Sharon Perlman,A Rainy Day in New York
Sharon Perlman,Wonder Wheel
Sharon Perlman,Dickinson
Alisa Lepselter,Midnight in Paris
Alisa Lepselter,Match Point
Alisa Lepselter,Vicky Cristina Barcelona
Alisa Lepselter,Blue Jasmine
Alisa Lepselter,Café Society
Alisa Lepselter,Irrational Man
Alisa Lepselter,A Rainy Day in New York
Alisa Lepselter,Magic in the Moonlight
Kate Rose Itzkowitz,Midnight in Paris
Kate Rose Itzkowitz,Vicky Cristina Barcelona
Kate Rose Itzkowitz,Blue Jasmine
Kate Rose Itzkowitz,Café Society
Kate Rose Itzkowitz,A Rainy Day in New York
Kate Rose Itzkowitz,Whatever Works
Kate Rose Itzkowitz,Wonder Wheel
Kate Rose Itzkowitz,You Will Meet a Tall Dark Stranger
Joe Landry,Red Dawn
Brad Robinson,Limitless
Brad Robinson,The Place Beyond the Pines
Brad Robinson,Blue Jasmine
Brad Robinson,Blue Valentine
Brad Robinson,Café Society
Brad Robinson,Irrational Man
Brad Robinson,Widows
Brad Robinson,A Rainy Day in New York
Mary Bailey,Men in Black
Mary Bailey,Limitless
Mary Bailey,Men in Black 3
Mary Bailey,Men in Black II
Mary Bailey,The Greatest Showman
Mary Bailey,The Intern
Mary Bailey,The Girl on the Train
Mary Bailey,The Adjustment Bureau
Danielle Rigby,Blue Jasmine
Danielle Rigby,Café Society
Danielle Rigby,Irrational Man
Danielle Rigby,A Rainy Day in New York
Danielle Rigby,Across the Universe
Danielle Rigby,Wonder Wheel
Danielle Rigby,The Kitchen
Danielle Rigby,Anything Else
Andrew Cavagnet,The Irishman
Andrew Cavagnet,Café Society
Andrew Cavagnet,A Rainy Day in New York
Andrew Cavagnet,Wonder Wheel
Andrew Cavagnet,"Peace, Love & Misunderstanding"
Elizabeth Klenk,Café Society
Elizabeth Klenk,Irrational Man
Elizabeth Klenk,A Rainy Day in New York
Elizabeth Klenk,Whatever Works
Elizabeth Klenk,Wonder Wheel
George Holtzer,The Big Sick
George Holtzer,A Rainy Day in New York
George Holtzer,The Meyerowitz Stories (New and Selected)
George Holtzer,New Amsterdam
George Holtzer,The Babysitters
George Holtzer,The Last Days of Disco
Chris Colombo,Glass
Chris Colombo,Sinister
Chris Colombo,You Were Never Really Here
Chris Colombo,A Rainy Day in New York
Chris Colombo,Buffy the Vampire Slayer
Chris Colombo,Elementary
Chris Colombo,The Manchurian Candidate
Chris Colombo,The Pink Panther 2
Roy Savoy,Bruce Almighty
Roy Savoy,The Adjustment Bureau
Roy Savoy,A Rainy Day in New York
Roy Savoy,This Is Where I Leave You
Roy Savoy,Ghost Town
Roy Savoy,Wildling
Roy Savoy,A Thousand and One
Joseph Garzero,Zoolander
Joseph Garzero,Café Society
Joseph Garzero,A Rainy Day in New York
Joseph Garzero,A Perfect Murder
Joseph Garzero,Wonder Wheel
Joseph Garzero,Stay
Joseph Garzero,The Thomas Crown Affair
Kimberly Amacker,10 Cloverfield Lane
Kimberly Amacker,Escape Plan
Kimberly Amacker,Jack Reacher: Never Go Back
Kimberly Amacker,The Host
Kimberly Amacker,Underwater
Kimberly Amacker,The Best of Me
Kimberly Amacker,A Rainy Day in New York
Kimberly Amacker,The Beguiled
Stacey Panepinto,The Twilight Saga: Breaking Dawn - Part 2
Stacey Panepinto,The Twilight Saga: Breaking Dawn - Part 1
Stacey Panepinto,Snow White and the Huntsman
Stacey Panepinto,The Lost City
Stacey Panepinto,Underwater
Stacey Panepinto,Charlie's Angels
Stacey Panepinto,American Ultra
Stacey Panepinto,Café Society
Nicole Wodowski,Café Society
Nicole Wodowski,A Rainy Day in New York
Nicole Wodowski,Wonder Wheel
Nicole Wodowski,Tracers
Nicole Wodowski,The Longest Week
Nicole Wodowski,Rebel in the Rye
Nicole Wodowski,Generation Um...
Susan Antonelli,Zombieland
Susan Antonelli,The Greatest Showman
Susan Antonelli,Big Fish
Susan Antonelli,National Treasure
Susan Antonelli,Body of Lies
Susan Antonelli,Café Society
Susan Antonelli,A Rainy Day in New York
Susan Antonelli,State of Play
Dana Wisher,A Rainy Day in New York
Dana Wisher,Delivery Man
Dana Wisher,Blood Ties
Dana Wisher,The Photograph
Alexis Weiss,A Rainy Day in New York
Alexis Weiss,Top Five
Alexis Weiss,City Island
Alexis Weiss,Never Forever
Alexis Weiss,Girls5eva
Alexis Weiss,Real: The Movie
Santo Loquasto,Vicky Cristina Barcelona
Santo Loquasto,Big
Santo Loquasto,Blue Jasmine
Santo Loquasto,Café Society
Santo Loquasto,Irrational Man
Santo Loquasto,A Rainy Day in New York
Santo Loquasto,Whatever Works
Santo Loquasto,Wonder Wheel
Frank Didio,Enchanted
Frank Didio,Batman Forever
Frank Didio,Café Society
Frank Didio,A Rainy Day in New York
Frank Didio,Little Nicky
Frank Didio,World Trade Center
Frank Didio,Unfaithful
Frank Didio,Wonder Wheel
Perry Grebin,Café Society
Perry Grebin,Irrational Man
Perry Grebin,A Rainy Day in New York
Perry Grebin,Wonder Wheel
Perry Grebin,Tesla
Perry Grebin,Wedding at Graceland
Ron Petagna,Enchanted
Ron Petagna,The Sorcerer's Apprentice
Ron Petagna,Burn After Reading
Ron Petagna,Marley & Me
Ron Petagna,Big
Ron Petagna,The Blacklist
Ron Petagna,Mr. Popper's Penguins
Ron Petagna,Café Society
Michael Rivera,Ready Player One
Michael Rivera,Ex Machina
Michael Rivera,Real Steel
Michael Rivera,Marriage Story
Michael Rivera,Bridge of Spies
Michael Rivera,The Bourne Legacy
Michael Rivera,The Post
Michael Rivera,The First Purge
James C. Feng,Forrest Gump
James C. Feng,Inside Man
James C. Feng,Signs
James C. Feng,The Village
James C. Feng,How to Lose a Guy in 10 Days
James C. Feng,Marvel's Iron Fist
James C. Feng,A Rainy Day in New York
James C. Feng,Marvel's Jessica Jones
Eileen Dennehy,A Rainy Day in New York
Eileen Dennehy,The Town that Dreaded Sundown
Eileen Dennehy,Daylight's End
Eileen Dennehy,Natural Selection
Eileen Dennehy,Sinners and Saints
Eileen Dennehy,Miami Magma
Eileen Dennehy,Creature
Eileen Dennehy,Fractured
Susan Bode Tyson,John Wick
Susan Bode Tyson,The Amazing Spider-Man 2
Susan Bode Tyson,Men in Black 3
Susan Bode Tyson,The Intern
Susan Bode Tyson,The Girl on the Train
Susan Bode Tyson,The Adjustment Bureau
Susan Bode Tyson,Okja
Susan Bode Tyson,Big
Sarah Dennis,The Greatest Showman
Sarah Dennis,Teenage Mutant Ninja Turtles: Out of the Shadows
Sarah Dennis,A Rainy Day in New York
Sarah Dennis,We Own the Night
Sarah Dennis,The Stepford Wives
Sarah Dennis,The Sinner
Sarah Dennis,The Leftovers
Sarah Dennis,Quantico
Glenn Lloyd,Big
Glenn Lloyd,Café Society
Glenn Lloyd,A Rainy Day in New York
Glenn Lloyd,Whatever Works
Glenn Lloyd,Wonder Wheel
Glenn Lloyd,Manhattan Murder Mystery
Glenn Lloyd,Deconstructing Harry
Glenn Lloyd,Crimes and Misdemeanors
Deniz Demirer,Ezer Kenegdo
Woody Allen,Midnight in Paris
Woody Allen,Match Point
Woody Allen,Annie Hall
Woody Allen,Vicky Cristina Barcelona
Woody Allen,Blue Jasmine
Woody Allen,Café Society
Woody Allen,Irrational Man
Woody Allen,Manhattan
Don Stephenson,A Rainy Day in New York
Don Stephenson,The Blacklist
Don Stephenson,The Americans
Don Stephenson,It Had to Be You
Don Stephenson,Curb Your Enthusiasm
Don Stephenson,Law & Order: Special Victims Unit
Don Stephenson,30 Rock
Don Stephenson,FBI: Most Wanted
Edward James Hyland,Bridge of Spies
Edward James Hyland,The Happening
Edward James Hyland,The Switch
Edward James Hyland,Café Society
Edward James Hyland,A Rainy Day in New York
Edward James Hyland,True Story
Edward James Hyland,"See No Evil, Hear No Evil"
Edward James Hyland,Jules
Patricia Dunnock,Money Monster
Patricia Dunnock,Serial Mom
Patricia Dunnock,A Rainy Day in New York
Patricia Dunnock,The Age of Innocence
Patricia Dunnock,Malice
Patricia Dunnock,Opera No. 1
Patricia Dunnock,My Mother Dreams the Satan's Disciples in New York
Patricia Dunnock,Rosy
Catherine LeFrere,A Rainy Day in New York
Catherine LeFrere,She Said
Catherine LeFrere,The Blacklist
Catherine LeFrere,Orange Is the New Black
Catherine LeFrere,Law & Order
Catherine LeFrere,Welcome to My World
Annika Pergament,Non-Stop
Annika Pergament,Pixels
Annika Pergament,Tower Heist
Annika Pergament,Jack Ryan: Shadow Recruit
Annika Pergament,Wall Street: Money Never Sleeps
Annika Pergament,The Silence
Annika Pergament,Broken City
Annika Pergament,A Rainy Day in New York
Pat Kiernan,Iron Man 3
Pat Kiernan,Doctor Strange
Pat Kiernan,The Avengers
Pat Kiernan,Spider-Man: Far From Home
Pat Kiernan,Night at the Museum
Pat Kiernan,The Amazing Spider-Man 2
Pat Kiernan,Non-Stop
Pat Kiernan,Ghostbusters
Tyler Weaks,A Rainy Day in New York
Tyler Weaks,Frat Star
Tyler Weaks,The Chaperone
Tyler Weaks,NCIS: New Orleans
Tyler Weaks,The Good Wife
Tyler Weaks,The Equalizer
Tyler Weaks,Nighthawks
"Nicholas J. Mongelli, Jr.",Café Society
"Nicholas J. Mongelli, Jr.",A Rainy Day in New York
"Nicholas J. Mongelli, Jr.",Just My Luck
"Nicholas J. Mongelli, Jr.",Whatever Works
"Nicholas J. Mongelli, Jr.",Wonder Wheel
"Nicholas J. Mongelli, Jr.",Celebrity
Gary Wilmes,The Secret Life of Walter Mitty
Gary Wilmes,Salt
Gary Wilmes,The Post
Gary Wilmes,Irrational Man
Gary Wilmes,A Rainy Day in New York
Gary Wilmes,I Hate Valentine's Day
Gary Wilmes,Detroit
Gary Wilmes,5 Flights Up
Geoff Schuppert,Irrational Man
Geoff Schuppert,The First Purge
Geoff Schuppert,A Rainy Day in New York
Geoff Schuppert,The Bit Player
Geoff Schuppert,Eye Candy
Jacob Berger,A Rainy Day in New York
Jacob Berger,Wonder Wheel
Jacob Berger,Margarita with a Straw
Jacob Berger,MINDHUNTER
Jacob Berger,Brooklyn Nine-Nine
Jacob Berger,Money & Violence
Jacob Berger,Person of Interest
Jacob Berger,The Idol
Jonathan Judge-Russo,A Rainy Day in New York
Jonathan Judge-Russo,Elementary
Jonathan Judge-Russo,Law & Order: Special Victims Unit
Jonathan Judge-Russo,White Collar
Jonathan Judge-Russo,Unbreakable Kimmy Schmidt
Ted Neustadt,Blue Jasmine
Ted Neustadt,A Rainy Day in New York
Ted Neustadt,Analyze That
Ted Neustadt,Analyze This
Ted Neustadt,The Brave One
Ted Neustadt,Presumed Innocent
Ted Neustadt,Far from Heaven
Ted Neustadt,Hollywood Ending
Gus Birney,I'm Thinking of Ending Things
Gus Birney,The Mist
Gus Birney,A Rainy Day in New York
Gus Birney,Happiness for Beginners
Gus Birney,Here and Now
Gus Birney,Shining Vale
Gus Birney,Plan B
Gus Birney,Marvel's Jessica Jones
Kirby Mitchell,The Birdcage
Kirby Mitchell,A Rainy Day in New York
Kirby Mitchell,Wolf
Kirby Mitchell,Charlie Wilson's War
Kirby Mitchell,Duplicity
Kirby Mitchell,The Interpreter
Kirby Mitchell,Regarding Henry
Kirby Mitchell,Biloxi Blues
Saskia Slaaf,Gemini Man
Saskia Slaaf,A Rainy Day in New York
Saskia Slaaf,"I Love You, Daddy"
Saskia Slaaf,The Instant Messenger Mission
Ben Warheit,Joker
Ben Warheit,A Rainy Day in New York
Ben Warheit,Season's Greetings
Kathryn Leigh Scott,Dark Shadows
Kathryn Leigh Scott,A Rainy Day in New York
Kathryn Leigh Scott,The Great Gatsby
Kathryn Leigh Scott,One Eight Seven
Kathryn Leigh Scott,House of Dark Shadows
Kathryn Leigh Scott,Dark Shadows
Kathryn Leigh Scott,Petals on the Wind
Kathryn Leigh Scott,Three Christs
Will Rogers,The Bay
Will Rogers,A Rainy Day in New York
Will Rogers,Bridge of Spies
Will Rogers,A Good Marriage
Will Rogers,Rebel in the Rye
Will Rogers,A Bad Idea Gone Wrong
Will Rogers,Hearts Beat Loud
Will Rogers,"Nancy, Please"
Suzanne Smith,A Rainy Day in New York
Suzanne Smith,Sex and the City
Suzanne Smith,Double Whammy
Suzanne Smith,A Better Place
Suzanne Smith,Law & Order
Jonathan Hogan,A Rainy Day in New York
Jonathan Hogan,The House on Carroll Street
Jonathan Hogan,In Country
Jonathan Hogan,Law & Order: Special Victims Unit
Jonathan Hogan,Quantum Leap
Jonathan Hogan,Unforgettable
Jonathan Hogan,Law & Order
Jonathan Hogan,Law & Order: Criminal Intent
Annaleigh Ashford,Frozen
Annaleigh Ashford,A Rainy Day in New York
Annaleigh Ashford,Second Act
Annaleigh Ashford,American Crime Story
Annaleigh Ashford,Unicorn Store
Annaleigh Ashford,Bad Education
Annaleigh Ashford,Masters of Sex
Annaleigh Ashford,Late Night
Suki Waterhouse,Pokémon Detective Pikachu
Suki Waterhouse,"Love, Rosie"
Suki Waterhouse,The Bad Batch
Suki Waterhouse,Insurgent
Suki Waterhouse,Pride and Prejudice and Zombies
Suki Waterhouse,A Rainy Day in New York
Suki Waterhouse,Assassination Nation
Suki Waterhouse,Jonathan
Elijah Boothe,A Rainy Day in New York
Elijah Boothe,Coin Heist
Elijah Boothe,Marvel's Luke Cage
Elijah Boothe,All These Small Moments
Elijah Boothe,Pink Opaque
Elijah Boothe,Rookie Blue
Elijah Boothe,The Spirit God Gave Us
Elijah Boothe,City
Kelly Rohrbach,Baywatch
Kelly Rohrbach,A Rainy Day in New York
Kelly Rohrbach,Café Society
Kelly Rohrbach,Two and a Half Men
Kelly Rohrbach,Yellowstone
Kelly Rohrbach,My Last Film
Kelly Rohrbach,Rizzoli & Isles
Kelly Rohrbach,The P.E.T. Squad Files
Rebecca Hall,Godzilla vs. Kong
Rebecca Hall,The Prestige
Rebecca Hall,Iron Man 3
Rebecca Hall,Transcendence
Rebecca Hall,Vicky Cristina Barcelona
Rebecca Hall,The Town
Rebecca Hall,The Gift
Rebecca Hall,The Awakening
Olivia Boreham-Wing,A Rainy Day in New York
Olivia Boreham-Wing,Things Heard & Seen
Olivia Boreham-Wing,Orange Is the New Black
Olivia Boreham-Wing,The Cat and the Moon
Olivia Boreham-Wing,Invisible
Olivia Boreham-Wing,Hacks
Olivia Boreham-Wing,Ace
Olivia Boreham-Wing,Youngest
Peter Dorsey,Teenage Mutant Ninja Turtles
Peter Dorsey,Teenage Mutant Ninja Turtles: Out of the Shadows
Peter Dorsey,Café Society
Peter Dorsey,Irrational Man
Peter Dorsey,A Rainy Day in New York
Peter Dorsey,The Night Before
Peter Dorsey,Severance
Peter Dorsey,Jules
Elle Fanning,Maleficent
Elle Fanning,The Neon Demon
Elle Fanning,Super 8
Elle Fanning,Maleficent: Mistress of Evil
Elle Fanning,All the Bright Places
Elle Fanning,Ballerina
Elle Fanning,A Rainy Day in New York
Elle Fanning,Mary Shelley
Selena Gomez,Hotel Transylvania
Selena Gomez,Monte Carlo
Selena Gomez,Spring Breakers
Selena Gomez,Hotel Transylvania 2
Selena Gomez,Another Cinderella Story
Selena Gomez,Hotel Transylvania 3: Summer Vacation
Selena Gomez,Wizards of Waverly Place: The Movie
Selena Gomez,Hotel Transylvania: Transformania
Diego Luna,Rogue One: A Star Wars Story
Diego Luna,The Book of Life
Diego Luna,Elysium
Diego Luna,The Terminal
Diego Luna,Narcos: Mexico
Diego Luna,Flatliners
Diego Luna,Star Wars: Andor
Diego Luna,Y Tu Mamá También
Griffin Newman,A Rainy Day in New York
Griffin Newman,Naomi and Ely's No Kiss List
Griffin Newman,The Tick
Griffin Newman,Disenchanted
Griffin Newman,Ocean's Eight
Griffin Newman,Draft Day
Griffin Newman,Beneath
Griffin Newman,Bakery in Brooklyn
Liev Schreiber,X-Men Origins: Wolverine
Liev Schreiber,Salt
Liev Schreiber,Spotlight
Liev Schreiber,Spider-Man: Into the Spider-Verse
Liev Schreiber,The Omen
Liev Schreiber,Defiance
Liev Schreiber,The Last Days on Mars
Liev Schreiber,Ray Donovan
Taylor Black,A Rainy Day in New York
Taylor Black,The Banker
Taylor Black,Sugar Daddies
Taylor Black,Lucifer
Taylor Black,Ass Backwards
Taylor Black,Ascent to Hell
Taylor Black,Gossip Girl
Taylor Black,Person of Interest
Jude Law,Sherlock Holmes
Jude Law,Sherlock Holmes: A Game of Shadows
Jude Law,Captain Marvel
Jude Law,Enemy at the Gates
Jude Law,A.I. Artificial Intelligence
Jude Law,King Arthur: Legend of the Sword
Jude Law,Rise of the Guardians
Jude Law,Fantastic Beasts: The Secrets of Dumbledore
